{"accuracy": [0.6068283915519714, 0.8556369543075562, 0.9115299582481384, 0.9367806911468506, 0.9535529017448425, 0.9627427458763123, 0.9700689911842346, 0.9740380048751831, 0.9783483743667603, 0.9811792969703674], "loss": [1.3336553573608398, 0.459648072719574, 0.27511918544769287, 0.1929190754890442, 0.14303165674209595, 0.11432117223739624, 0.09248620271682739, 0.07934529334306717, 0.06685348600149155, 0.058046694844961166], "val_accuracy": [0.7704871296882629, 0.9113362431526184, 0.9289209842681885, 0.9506032466888428, 0.9512861371040344, 0.9560664892196655, 0.95083087682724, 0.9510015845298767, 0.9424653053283691, 0.9547006487846375], "val_loss": [0.7408159375190735, 0.26617348194122314, 0.2163953334093094, 0.15357421338558197, 0.14836427569389343, 0.13546434044837952, 0.1528032124042511, 0.1650284379720688, 0.19847021996974945, 0.15852738916873932]}